ordem;empreendimento;link_oficial;status;fotos_baixadas;observacao
1;RESIDENCIAL FORTITUDINE;https://www.mrv.com.br/imoveis/ceara/fortaleza/apartamentos-residencial-fortitudine;OK;13;
2;RESIDENCIAL FLOR DO SERTAO;https://www.mrv.com.br/imoveis/ceara/fortaleza/apartamentos-residencial-flor-do-sertao;OK;18;
3;VILLE DE LISBOA;https://www.mrv.com.br/imoveis/ceara/caucaia/apartamentos-ville-de-lisboa;OK;20;
4;RESERVA DA LAGOA;https://www.mrv.com.br/imoveis/ceara/fortaleza/apartamentos-reserva-da-lagoa;OK;17;
5;RESIDENCIAL LA SERENA;https://www.mrv.com.br/imoveis/ceara/fortaleza/apartamentos-residencial-la-serena;OK;12;
6;FORTE ALENCAR;https://www.mrv.com.br/imoveis/ceara/fortaleza/apartamentos-forte-alencar;OK;17;
7;PARQUE MARISTA;https://www.mrv.com.br/imoveis/ceara/fortaleza/apartamentos-parque-marista;OK;20;
8;RESIDENCIAL FAROL DO ATLANTICO;https://www.mrv.com.br/imoveis/ceara/fortaleza/apartamentos-residencial-farol-do-atlantico;OK;17;
9;RESERVA VILA DO SOL;https://www.mrv.com.br/imoveis/ceara/fortaleza/apartamentos-sensia-reserva-vila-do-sol;OK;15;
10;VILLE DE PORTO;https://www.mrv.com.br/imoveis/ceara/caucaia/apartamentos-ville-de-porto;OK;16;
11;TORRE DO MAR;https://www.mrv.com.br/imoveis/ceara/fortaleza/apartamentos-torre-do-mar;OK;17;
12;PORTO DAS MARES;https://www.mrv.com.br/imoveis/ceara/fortaleza/apartamentos-porto-das-mares;OK;27;
13;RESIDENCIAL MANDACARU;https://www.mrv.com.br/imoveis/ceara/fortaleza/apartamentos-residencial-mandacaru;OK;16;
14;RESERVA BRISA DO MAR;https://www.mrv.com.br/imoveis/ceara/fortaleza/apartamentos-reserva-brisa-do-mar;OK;22;
15;RESIDENCIAL VALPARAISO;https://www.mrv.com.br/imoveis/ceara/fortaleza/apartamentos-residencial-valparaiso;OK;15;
16;ECO PARK;https://www.mrv.com.br/imoveis/ceara/eusebio/apartamentos-eco-park;OK;17;
